,2_3_butanediol;substrate,2_aminethanol;substrate,2_ketogluconate;substrate,3_hydroxybenzoate;substrate,3_hydroxybutyrate;substrate,3hydroxybenzoate;substrate,4_hydroxybenzoate;substrate,5_ketogluconate;substrate,5ketogluconate;substrate,acetate;substrate,acetate_producer;pathways,acetogenesis;pathways,acetoin;pathways,acid_phosphatase;pathways,adipate;substrate,adonitol;substrate,aerobic;metabolism,aerobic_chemo_heterotrophy;pathways,aerobic_heterotrophy;pathways,alaninamide;substrate,alanine;substrate,aliphatic_non_methane_hydrocarbon_degradation;pathways,alkaline_phosphatase;pathways,alpha_galactosidase;pathways,alpha_ketovalerate;substrate,alphaketovaleric_acid;substrate,aminoacid_degradation;pathways,ammonia_synthesis;pathways,anaerobic;metabolism,arabinose;substrate,arabitol;substrate,arginine;substrate,aromatic_compound_degradation;pathways,aromatic_hydrocarbon_degradation;pathways,arsenate_reduction;pathways,arylsulfatase;pathways,asparagine;substrate,aspartate;substrate,bacillus;cell_shape,beta_galactosidase;pathways,butanol;substrate,caprate;substrate,carbon_monoxide_oxidizer;pathways,carbonmonoxide_oxidation;pathways,catalase;pathways,cellobiose;substrate,cellobiose_degradation;pathways,cellulose_degradation;pathways,cellulose_degrader;pathways,chitin_degradation;pathways,chlorocarbon_degradation;pathways,citrate;substrate,coccobacillus;cell_shape,coccus;cell_shape,crescent;cell_shape,denitrification;pathways,dextrin;substrate,dna_degradation;pathways,elastin_degradation;pathways,esculin_aesculin_hydrolysis;pathways,ethanol;substrate,ethanol_production;pathways,facultative_anaerobic;metabolism,facultative;metabolism,fermentation;pathways,filament;cell_shape,flagella;motility,formate;substrate,formic_acid;substrate,fructose;substrate,fucose;substrate,fumarate_reduction;pathways,fusiform;cell_shape,galactonate;substrate,galactonic_acid;substrate,galactose;substrate,galacturonate;substrate,galacturonic_acid;substrate,gamma_aminobutyrate;substrate,gelatin;substrate,gelatinase;pathways,gluconate;substrate,gluconic_acid;substrate,glucosamine;substrate,glucose;substrate,glucuronamide;substrate,glutamate;substrate,glycerol;substrate,glycine;substrate,glycogen;substrate,h2_co2;substrate,h2_methanol;substrate,heterotrophic;pathways,histidine;substrate,homofermentative;pathways,hydrocarbon_degradation;pathways,hydrogen_oxidation_dark;pathways,hydrogen_sulfide_synthesis;pathways,hyrdoxyproline;substrate,indole_synthesis;pathways,inosine;substrate,iron_reduction;pathways,isovaleric_acid_synthesis;pathways,lactate;substrate,lactose;substrate,lactose_fermenting;pathways,leucine;substrate,ligninolysis;pathways,limonene;substrate,malate;substrate,malonate;substrate,maltose;substrate,manganese_oxidation;pathways,mannitol;substrate,mannose;substrate,melibiose;substrate,methanogen;pathways,methanogenesis;pathways,methanogenesis_h2co2;pathways,methanol_oxidation;pathways,methyl_beta_d_glucoside;substrate,methyl_betadglucoside;substrate,methyl_pyruvate;substrate,methylotrophy;pathways,microaerophilic;metabolism,myo_inositol;substrate,myoinositol;substrate,n_acetylglucosamine;substrate,nacetylgulcosamine;substrate,negative;gram_stain,nitrate_reducer;pathways,nitrate_reduction;pathways,nitrate_reduction_to_ammonia;pathways,nitric_oxide_reduction;pathways,nitrite_reduction;pathways,nitrite_reduction_to_ammonia;pathways,nitrogen_fixation;pathways,nitrous_oxide_reduction;pathways,no;motility,no;sporulation,obligate_aerobic;metabolism,obligate_anaerobic;metabolism,ornithine;substrate,oxidase;pathways,phenethylamine;substrate,phenylacetate;substrate,phenylalanine;substrate,phosphatase;pathways,phosphohydrolase;pathways,plastic_degradation;pathways,pleomorphic;cell_shape,positive;gram_stain,proline;substrate,propionate;substrate,putrescine;substrate,pyrazinamidase;pathways,pyruvate;substrate,pyruvic_acid_methyl_ester;substrate,quinic_acid;substrate,raffinose;substrate,rhamnose;substrate,ribose;substrate,salicin;substrate,serine;substrate,sorbitol;substrate,spiral;cell_shape,starch;substrate,suberate;substrate,succinate;substrate,sucrose;substrate,sugars_generic;substrate,sulfite_reduction;pathways,tellurite_reductase;pathways,thiosulfate_oxidation_dark;pathways,thiosulfate_reduction;pathways,threonine;substrate,thymidine;substrate,trehalose;substrate,trisodium_citrate;substrate,trypsin;pathways,tryptophan;substrate,tween_20;substrate,tween_40;substrate,tween_60;substrate,tween_80;substrate,type_a_toxin_producer;pathways,undefined;pathways,urea;substrate,urea_degradation;pathways,urease;pathways,uridine;substrate,urocanate;substrate,valerate;substrate,vibrio;cell_shape,xylan_degradation;pathways,xylitol;substrate,xylose;substrate,yeast_extract;substrate,yes;motility,yes;sporulation,performance
0,0.005878580754876014,0.004893521658978056,0.00464128895108286,0.004423111007445758,0.004777552507289095,0.0017420988627950675,0.004847064372133895,0.004511940496778937,0.0027617143449250457,0.008681845065562074,0.0014920883196610944,0.004495266148852366,0.006797356349756237,0.00857628421536614,0.0014553254748799936,0.007824908849825129,0.003260636121246218,0.004264527381808811,0.004205504872726997,0.004866862781769234,0.006729082817945789,0.0011995869181321895,0.005554974469576189,0.006092189101792552,0.004745124925786596,0.0013848651907304326,0.004477489395418231,0.007276439927876679,0.008125878627487966,0.007384721479679643,0.006554670508140533,0.008237764015252013,0.0024119834240966145,0.0015536287503897126,0.0047301412519962565,0.0017622494158809079,0.002344996403722749,0.002432876090559,0.00603864421533636,0.006712819953837541,0.0040210632216348685,0.0015509694601478449,0.0015524976099344306,0.0017002041427183051,0.007668651659065091,0.006277873064106788,0.003970061393782159,0.00709381569333721,0.006537208272711226,0.002646858688627171,0.0014914753943463315,0.00366000627029523,0.007711459621080505,0.007290353100101155,0.0015261768308029947,0.0018541374249119596,0.007496901796561785,0.0027441660615455713,0.001365891776741346,0.00773438439126791,0.0043274002481601855,0.0014335515250398722,0.007716682228754636,0.00440729133050233,0.0062779113845878864,0.0023333581247504424,0.0015829145157465355,0.006850625974865601,0.0018394857362211824,0.0061188369150772266,0.004270730082217931,0.004360264248890443,0.011235101487125825,0.005557649366026833,0.002555299999017677,0.0093174692970628,0.009785675688076872,0.006280630129771388,0.0029157903568358783,0.007001282226961469,0.0077636509867165075,0.008912344223941175,0.0015227601218997069,0.010190512121042402,0.0074488480799036905,0.0011852357729858775,0.007188248382366286,0.006270060627258691,0.007083591986249946,0.010413851677547784,0.004675529964166784,0.0026579220695107627,0.01606564088930412,0.006201639107980228,0.0016837108147804564,0.0014476853874483247,0.00483094625696608,0.011753107435682204,0.0016078048735468711,0.005833619570054211,0.0056076622813597075,0.001412788809450253,0.0076051587705574936,0.006385151600453179,0.006147968407254095,0.009923812362509788,0.006831276608299517,0.0014475407712163393,0.0025326195603650875,0.005493287754671527,0.002998328545157653,0.005582399838782896,0.0033545844542339593,0.006401674866565161,0.006436765791906329,0.0064136568268793465,0.0022650989521111383,0.005311931007512956,0.002410040814441467,0.0017923710619136696,0.006751256489072538,0.0016107732968195765,0.00734265557727388,0.0017007524947025843,0.00161352582804461,0.002663860044936287,0.001357020827937727,0.009702629050834643,0.007783270194307694,0.0075092851231110406,0.006748012904702119,0.007322732812485475,0.004876292503695431,0.0016177265714224086,0.0045652632936830475,0.004784325752758475,0.0026230880726424793,0.001766512275721619,0.007305783726150938,0.0069916147501119545,0.0015979241079683234,0.005734419561453391,0.004426237867345748,0.003553479812837903,0.0012038344087834506,0.002667636851111192,0.005453412015391374,0.006282422741957062,0.0025323357984820736,0.0014404675732901415,0.001953794733906526,0.008240447213619915,0.0026108552624306454,0.007874659855353286,0.002776520829751519,0.003335644183882085,0.007787654402854895,0.009679975422697528,0.0036495326460161833,0.006624755131935915,0.006607415952790825,0.01762328207270339,0.007543765522719856,0.006028132899010239,0.007627704663473547,0.001919889155381478,0.009493208956169914,0.002270585714893789,0.006899973932420676,0.007884290545299369,0.008974432075707639,0.0012749638617637284,0.0025458155331669558,0.0014827380826949997,0.0012267220015862491,0.005369566854261432,0.005806438742172467,0.00973172529140304,0.0013859180121769186,0.0017756129305081753,0.0025370005339129826,0.0014040326744232184,0.001608842483291434,0.001106055457440415,0.008129268794241895,0.0011787227088809332,0.006480132386134701,0.0023279809090048825,0.002049447953875512,0.010309977953623272,0.005299244952072234,0.001304688970474115,0.0051122571264207405,0.0014861107742159983,0.007731613861629362,0.007261675421123176,0.006771591991741468,0.008458386801554248,0.007186922734603553,0.009420929103744086,0.6427184466019418
1,0.004944898064168956,0.004409141928744164,0.0048427901052898745,0.004698183721622087,0.0043876492906735395,0.0013789605799357997,0.004434399429554329,0.004794557007142531,0.0036988569880261435,0.007682723043793591,0.0016623898239433723,0.004186231293030302,0.008581354718487253,0.0066077524138668225,0.0015605277893671944,0.008733134252408254,0.0032099309119362276,0.004468207821764904,0.00444085248794213,0.0040296253450765925,0.007584600504274197,0.0016185992091450048,0.005042550464521002,0.005462684435451397,0.004936057121163002,0.0014862562124074929,0.004697059916010164,0.0055933345758180635,0.007108730330052892,0.0068791327271079325,0.007192829495837146,0.0075755030288241895,0.0019723547837074305,0.0012618382570684262,0.0044780092094132565,0.0017973678400427548,0.002719065906044096,0.002873201048454124,0.00604787625987431,0.005960169554281771,0.004212866955144661,0.0016079983525329334,0.0014594722910175372,0.001602458461729027,0.00780238266425444,0.006046977331376601,0.003980627210644739,0.007579507179405841,0.005890435103664121,0.0024130093653501523,0.0012894554706457738,0.004392829762523884,0.008047595968357524,0.006635368254264948,0.0014891383078125134,0.002351347937882819,0.007525186031045086,0.003167220787972962,0.0013217300408065403,0.006610230728283363,0.005239034222337474,0.0014963565953393394,0.007276386363432731,0.0041708747165321094,0.006203178853676431,0.002600330304872835,0.001530380012436718,0.006173952588686388,0.0017619554198377593,0.006608992880855114,0.004123330054160969,0.0046228811348136625,0.009359887358461196,0.005348694425334217,0.002494667425387316,0.010086930578037931,0.01007970156137948,0.005369346442081504,0.002912787101478704,0.007122535665851128,0.007217664599867666,0.010355136231104262,0.001539992038858067,0.012709390221100205,0.006970122840015078,0.001513575169185442,0.006088292554354867,0.006142060671635451,0.0073265014677679294,0.011642108302614893,0.0045857507559526785,0.002813005182863547,0.013831436613198455,0.007722385142314041,0.002130421891283096,0.0014315114249835136,0.005800479961181211,0.011154322077459334,0.0013306952660252739,0.007530140305158262,0.005531178570103936,0.0015339980589022674,0.007824479263490778,0.00628003782709177,0.00578156961016512,0.01004437136975591,0.0067871801024604545,0.001519287128384607,0.0022396722629621797,0.004972789808556086,0.0036813997294865776,0.005682983672951867,0.004243082732045481,0.006892379784586271,0.005484312903931055,0.006902926925675986,0.0027708501151403908,0.005217039733648139,0.002607635286416939,0.0017824400082121275,0.00676630996610204,0.001566295038753966,0.007383990570980947,0.002181183085121871,0.0015343116027723867,0.0031772363869560214,0.0014126871814204268,0.008488624093540315,0.006447657911902514,0.0085332710236782,0.006344338246477391,0.006171560487684282,0.004832654095210462,0.002257866918667524,0.00482463248822653,0.005298035912141222,0.002453292963650077,0.0022233338826927423,0.007166083039760738,0.007550538448703401,0.0015421157730293523,0.004989319825293239,0.004660381605570808,0.003691164703018498,0.0014934800594207415,0.003095689967320784,0.0061406924484084,0.006240888972202897,0.002589666480630117,0.001204587517901923,0.00237884521692009,0.008539794404753637,0.003706498830461451,0.007053982578956611,0.00341827725689332,0.003234705426582366,0.0070674235548653895,0.009519624840105885,0.002992764694940428,0.005600589029339034,0.006515835858759606,0.019421673772813487,0.006103257146160613,0.006585473816060552,0.006485649611727613,0.002160018443835548,0.009517914496386233,0.00281415640589215,0.0071031636150175785,0.007016645617751734,0.00916887026209081,0.0012944550709393465,0.0025635699464520976,0.0016125716080745264,0.0017112574339926395,0.005767689537604079,0.005858257923328277,0.009357012225425867,0.001516077173370054,0.0018973540552797879,0.002357557964619756,0.001415197658205827,0.0016554111806791154,0.0013267823148965178,0.008301505042779638,0.0013767600071630706,0.005414516494964897,0.002382069888680557,0.002152973564100229,0.009719017825925238,0.005315855682341517,0.0014593873618648564,0.0055324713469072345,0.0014307885051072949,0.008609414789485357,0.007271978660308595,0.005943745832537784,0.007895612898554722,0.006122868085038166,0.01140874692694655,0.6427184466019418
2,0.00530427761465811,0.005786571821024942,0.0044695426685189546,0.00492706935648607,0.005259699490766829,0.0015891506852005262,0.004521096734237131,0.005245704165512211,0.00353009607814492,0.007925767799240906,0.0015620295948467998,0.004361642870758762,0.00601233407872675,0.0076305900282673264,0.0016236492736498203,0.00878367837107469,0.003751695942339426,0.00451346052886962,0.004937467303847053,0.0053591685599336195,0.007087895716977179,0.0014861278331119887,0.005209134533837571,0.005403621409421306,0.004749055767182906,0.001271659600364103,0.004226024837471175,0.006563361069024587,0.007411375183200963,0.00718387196763355,0.00572999637361395,0.008202628392925763,0.0018656460306123285,0.0016128298702785177,0.004586700188179334,0.00202061351037385,0.0028071502501289996,0.0026276958170608736,0.0062501738331120086,0.006800706070267216,0.003951769699100477,0.0014833263097535979,0.0018433003846278846,0.0019143149923186182,0.007674451629150933,0.0062094366253257005,0.0037687852413670424,0.008509223584172006,0.0065478057540231055,0.002871826582808312,0.0013020464033020648,0.003992724441380646,0.006627163444589686,0.006837246420612133,0.001616032957109886,0.0022261519733125664,0.007615888194596904,0.003451256940201981,0.0015124610122981223,0.007655511404917885,0.004386468114444421,0.001579494238585383,0.009367523756762983,0.004364147374320189,0.0065191980297091565,0.0024308067252101473,0.001797523468737383,0.006009264415591664,0.0020248572075289794,0.0063627717158496015,0.004295823411376299,0.0049578822733186085,0.009725402984371797,0.005621541674861927,0.0029850450971049005,0.010568752314630165,0.008855528096853922,0.005504790511439318,0.0030942389809571836,0.006637657360925554,0.0075478130678797006,0.009945964790494423,0.0016174065975276862,0.010444391250844724,0.007008770200846604,0.0015638960354689038,0.006661666105577139,0.006647741466633111,0.0055220585979068575,0.009283779649959214,0.00475545788443267,0.0027704678251680827,0.01223739728004087,0.006416486347069881,0.002021351803501243,0.001390282933000386,0.005096333948697512,0.012513481288883717,0.0014196274909197293,0.007038912031176949,0.0049063875749318225,0.0012645001385401648,0.006404824197005712,0.006368137872545117,0.00594379129758663,0.009650663288612577,0.005551559716881842,0.0011821249511819781,0.001921182801913564,0.0051396426831304895,0.002819987740490399,0.006485673540543589,0.003328318104318211,0.00689287647513743,0.006134664430776915,0.006189058670589636,0.0024449332743357406,0.004523247732980699,0.0022919451304463383,0.001818134505728566,0.009807159312736192,0.0015008243430172468,0.007198419867272737,0.0019885488077396713,0.0020793074052816067,0.0027355637593463756,0.0014190760564214916,0.008301833556592645,0.0062711748316115765,0.007578371139307593,0.0068341174701527976,0.007727059937713062,0.005002328818507493,0.0024387376444056255,0.004427718285792737,0.004439968882743312,0.0027084307193673994,0.0018798575656234105,0.007382695654303092,0.007438969412633408,0.0014499298843058126,0.005624891977631939,0.004796542522090418,0.003873856135463884,0.0015261422176514245,0.0025473140567251673,0.0068001163469932294,0.006635318616380348,0.0026713235559757916,0.0014934266875603324,0.0018044930397395158,0.008894734762902944,0.0032835866895405356,0.007558972793345433,0.002416342036870733,0.003256699710425319,0.00681870615832565,0.008752349158345734,0.003094855643659202,0.006516532047950708,0.0067650414283402655,0.018331359551987718,0.0069813835198609875,0.006243872583331524,0.008213670288843938,0.0020250898563224807,0.008758108280880018,0.002555929298388164,0.006781563797029417,0.006945060181132564,0.007583261491686842,0.0016789709362900359,0.0027888585710178597,0.0016515511189840477,0.0015968280538821089,0.005484610639501029,0.005014197981121848,0.010771178665485943,0.0014087207582806525,0.002199173734974326,0.0022649532954666543,0.0016957176866258937,0.0017225115833675645,0.0017569297220008141,0.008058672879713654,0.0013277481651548667,0.005739455876992082,0.0023997036017526984,0.001867890401528939,0.011205867225472347,0.005691515877644311,0.0016098432427216357,0.006306219435479709,0.0015038182070395163,0.007972969344911868,0.0068121896464411755,0.0066011604706677765,0.007891384294011589,0.007018211309230904,0.009743165791842095,0.6427184466019418
3,0.0045314005081911,0.004167029491259076,0.004317033370759549,0.0046684967248624264,0.005597735779457129,0.0014510998470149148,0.004307351326525024,0.004209088896376256,0.0032675064706176814,0.0086668999564668,0.001576834109460267,0.003309238501410884,0.007154160276063478,0.0077751903183691014,0.0015624732239103098,0.008268585607844691,0.003418560632044028,0.0044623774124335535,0.0041122068826440995,0.004406227302395654,0.007148380521442134,0.0014260804305054667,0.005731961725123289,0.006253485348934623,0.0045040799011706574,0.0011687627794522064,0.004399261263745031,0.00638408663558226,0.006881025450684195,0.006236720817881982,0.006248073177962327,0.009405141288685106,0.0025324226906707423,0.001211979509526959,0.004558067355794429,0.001847497454834649,0.0025378795367111285,0.002669843189020517,0.005883555340137012,0.006661535495662204,0.004044015033037943,0.0014280340081729373,0.0017968169351727263,0.0015407538210565066,0.008342740389695052,0.005981336775963573,0.0044964149968775916,0.00801351076186494,0.007582400595048816,0.0024152028085159868,0.0015809034828060105,0.003698962107731581,0.007163557530088613,0.007352727211255441,0.0012899314358446395,0.001968594426248539,0.007807717663628366,0.0034121172451608015,0.0014085872066080243,0.007379303770715875,0.005278204534387883,0.001644157080815558,0.007094949701832875,0.0041336466532859665,0.006485515476931274,0.0019798577064289724,0.0017300684201572304,0.005932792166523276,0.0017309833045141049,0.006556692292786433,0.004023888308437505,0.004714953172397418,0.009392623531434378,0.004426031062007496,0.0028770890290249276,0.01100661845674731,0.009313859340366366,0.005945946322833971,0.002844262793646025,0.007266244190553771,0.006552948926889376,0.010251419161129807,0.0012108603478070779,0.011461036812026279,0.006791655101203655,0.0011811411013522726,0.007061267515102656,0.006576662999492676,0.00791921357009263,0.011535667557114904,0.00519017377159647,0.001989921080454345,0.016505538486016876,0.005910868911092166,0.0022849765090194713,0.001377273704699304,0.005369756093567579,0.00979561408105607,0.0012473847853572315,0.0074920165353000966,0.005520154474122413,0.0013353909208002578,0.006488862946596694,0.006320169795892402,0.006241835360935131,0.00992872427944662,0.006550139491191372,0.0012704781077889247,0.0033002692710761275,0.005435021061487011,0.002893009571054749,0.005493585876525673,0.0035259050574858266,0.007283058598193817,0.006108332343859488,0.006620270039685237,0.0020601938109745745,0.0055645866332649915,0.0023045595923990884,0.0017075320300973336,0.006656288237960903,0.0014474494641864856,0.006227593026475651,0.0018240656401047632,0.001362080740495412,0.0027184028608451,0.0013212607516685034,0.010643330362318511,0.007370563571267205,0.006816141454021674,0.006444273705863821,0.008820347519591478,0.004627914406172283,0.0018855633855474397,0.005589609308865921,0.005224705023450179,0.0024832897145361877,0.0020689639824984702,0.008381220854044193,0.00696132116861851,0.001375174175701164,0.005950010269160233,0.004495336956126349,0.003904495107936512,0.0013316277103135002,0.002206036716120344,0.005927222242915425,0.006736587272596064,0.0023651099500122392,0.0013944429900674654,0.0018127968330659437,0.009263851511367072,0.004556956864073201,0.006711509598610307,0.00212883734634864,0.00296630232392155,0.007383436126103593,0.009149582945734057,0.0032737848632108397,0.0060116118771228085,0.007135562541878693,0.016070508706187307,0.007503288751965417,0.0062738652221445805,0.007777723337629392,0.001961136651418006,0.008746117059162678,0.002712446483611494,0.0070688289632367994,0.006238363626940456,0.009948174839993709,0.0014607407133726956,0.0022580568618752253,0.0015343432021999654,0.0015158553024705653,0.004823161852004497,0.005315793259959711,0.010305002102715566,0.001335030788117426,0.0020274080343931976,0.0023556931286824556,0.0013413537474890247,0.0011367997652429772,0.0015560633293042092,0.008098436801235093,0.0015219289997710484,0.006106649926142297,0.0021146866803126154,0.0018530373990079195,0.01045580156948704,0.005329213111825022,0.001293889185150717,0.005005616003525739,0.0012443385646497824,0.007956758693629027,0.007476166087321269,0.006141339584330224,0.009458781229080563,0.007341165724472221,0.010722948693535208,0.6427184466019418
4,0.004714746036609071,0.005304713773272578,0.004213389745043869,0.00514752268934661,0.005303880010040781,0.0014010929266839202,0.004626423589753147,0.004487740010757388,0.003546518676207427,0.007817905402703709,0.0013977591427602907,0.0034682106684618937,0.007574920159886298,0.00802800042306375,0.001219386076727428,0.0070094132312822945,0.0031536337503983874,0.004081417296673992,0.004176127504726458,0.004560746014072214,0.006879926481643289,0.0013698559448259674,0.006096443745921549,0.006104936370456834,0.004132408191658128,0.0013515837604891928,0.003894956499613823,0.0067901244762895415,0.007113979262416815,0.007585105483561592,0.006162943902199168,0.008073800466388477,0.002607706938408312,0.0013273327044657365,0.0044706019569446314,0.001947519075405497,0.00202841120963166,0.0029096233193726573,0.006097345936724617,0.00570817200401363,0.003340961154958274,0.0015587431442757632,0.0016576216079234164,0.0017397696372455766,0.008256501031102268,0.005492992293074158,0.0034902139996606514,0.007956895037294943,0.008257094830267979,0.0027452064237701687,0.001553417689673866,0.0031154448818418784,0.008393757178736513,0.006761777920991841,0.0013901714735074532,0.002284819408125989,0.008211455088723112,0.0027040213449538394,0.0014461300932066365,0.008525586334131058,0.005499424213680002,0.0015733001246959787,0.007571222936347669,0.0038368666111973206,0.0062792452660262255,0.002545291910657727,0.0017269171441033424,0.005985823023735554,0.0015108626734254907,0.0067120410805137,0.0041873006180924216,0.004485340550619226,0.011021228207718241,0.005141447835606135,0.0030339646190242335,0.008186828105993261,0.010868179972099696,0.006959611144074413,0.00351833789806136,0.006130236320870624,0.007676969332196836,0.009850165441790177,0.0013910098904644508,0.014776313460993782,0.006897932357578706,0.0014220718283271042,0.006044608763366391,0.006734536071998329,0.007417346540682889,0.009969114560327777,0.00407893002148877,0.002427003495258187,0.014280523347374969,0.006245345177954684,0.0017789638684527148,0.0013026460875295359,0.005084610283765551,0.010211964989406996,0.0012043317032298247,0.00657753490829309,0.005837576538876433,0.0013374508807959997,0.006211507386370689,0.006843473004068766,0.005861285627610893,0.010813806186083958,0.006495428492879711,0.001425714560624778,0.0030469350694111506,0.005392420238394715,0.0029433004146029425,0.005752526025298198,0.0038676221459307708,0.0069227758632106244,0.0059008302716008825,0.007250493904817351,0.0027309830396438275,0.004339090068189459,0.0024290436803549465,0.0019089905603257482,0.0073402045423515755,0.0011140725558242191,0.005981865634666912,0.00216535001149059,0.0014500227475239197,0.0028731817904954463,0.0013070850196089127,0.0102856058688982,0.006421443530568113,0.009065736263371678,0.007529134365457679,0.007831537544185101,0.006241273273111977,0.0021918275176740624,0.005186625811235969,0.00510088754711163,0.002400037354823969,0.0023198417350850393,0.007082796728384422,0.006799423527706208,0.0014369335549526427,0.0050219982261448136,0.004509524959900839,0.0041525195307135455,0.0011883817708141454,0.002619129390739327,0.006690279316360412,0.005744594368291509,0.0028443287236764665,0.0012676546257729792,0.0016256976732597736,0.009950751791410254,0.003063263162907336,0.007589129150175118,0.0027083193818523816,0.002903538466402972,0.007295651310896534,0.010087254585519975,0.0034259186538659757,0.006997498641675831,0.006306166062155586,0.014627740069543739,0.006829591217471457,0.006083233934877855,0.007344363010185917,0.0015923059715654648,0.011108263524504901,0.0021463264707913235,0.007372183446015345,0.006521396025934392,0.009445471877041778,0.0013391501564457987,0.0021691317967730203,0.0013724299981668748,0.0015468847404284433,0.0051661901424147096,0.005414651470830723,0.01053069137448049,0.0012268410660562466,0.001785232820205379,0.002267607877307939,0.001525350578165257,0.0014503440432031363,0.0017601058319231732,0.007365445004143171,0.0011896070053082032,0.005246068229966207,0.002301051440380515,0.0023243546107563884,0.011617360942031146,0.005370708761193541,0.0013244666554953109,0.0055158141357614385,0.001060647493796077,0.009229624599548075,0.006691166464738292,0.006284459153851288,0.007369577743454216,0.006076528888829988,0.010065592930865525,0.6427184466019418
5,0.0,0.0,0.0,0.0,0.0,0.0,0.0,0.0,0.0,0.0,0.0,0.0,0.0,0.0,0.0,0.0,0.0,0.0,0.0,0.0,0.0,0.0,0.0,0.0,0.0,0.0,0.0,0.0,0.0,0.0,0.0,0.0,0.0,0.0,0.0,0.0,0.0,0.0,0.0,0.0,0.0,0.0,0.0,0.0,0.0,0.0,0.0,0.0,0.0,0.0,0.0,0.0,0.0,0.0,0.0,0.0,0.0,0.0,0.0,0.0,0.0,0.0,0.0,0.0,0.0,0.0,0.0,0.0,0.0,0.0,0.0,0.0,0.0,0.0,0.0,0.0,0.0,0.0,0.0,0.0,0.0,0.0,0.0,0.0,0.0,0.0,0.0,0.0,0.0,0.0,0.0,0.0,0.0,0.0,0.0,0.0,0.0,0.0,0.0,0.0,0.0,0.0,0.0,0.0,0.0,0.0,0.0,0.0,0.0,0.0,0.0,0.0,0.0,0.0,0.0,0.0,0.0,0.0,0.0,0.0,0.0,0.0,0.0,0.0,0.0,0.0,0.0,0.0,0.0,0.0,0.0,0.0,0.0,0.0,0.0,0.0,0.0,0.0,0.0,0.0,0.0,0.0,0.0,0.0,0.0,0.0,0.0,0.0,0.0,0.0,0.0,0.0,0.0,0.0,0.0,0.0,0.0,0.0,0.0,0.0,0.0,0.0,0.0,0.0,0.0,0.0,0.0,0.0,0.0,0.0,0.0,0.0,0.0,0.0,0.0,0.0,0.0,0.0,0.0,0.0,0.0,0.0,0.0,0.0,0.0,0.0,0.0,0.0,0.0,0.0,0.0,0.0,0.0,0.0,0.0,0.0,0.0,0.0,0.0,0.0,0.6427184466019418
6,0.0,0.0,0.0,0.0,0.0,0.0,0.0,0.0,0.0,0.0,0.0,0.0,0.0,0.0,0.0,0.0,0.0,0.0,0.0,0.0,0.0,0.0,0.0,0.0,0.0,0.0,0.0,0.0,0.0,0.0,0.0,0.0,0.0,0.0,0.0,0.0,0.0,0.0,0.0,0.0,0.0,0.0,0.0,0.0,0.0,0.0,0.0,0.0,0.0,0.0,0.0,0.0,0.0,0.0,0.0,0.0,0.0,0.0,0.0,0.0,0.0,0.0,0.0,0.0,0.0,0.0,0.0,0.0,0.0,0.0,0.0,0.0,0.0,0.0,0.0,0.0,0.0,0.0,0.0,0.0,0.0,0.0,0.0,0.0,0.0,0.0,0.0,0.0,0.0,0.0,0.0,0.0,0.0,0.0,0.0,0.0,0.0,0.0,0.0,0.0,0.0,0.0,0.0,0.0,0.0,0.0,0.0,0.0,0.0,0.0,0.0,0.0,0.0,0.0,0.0,0.0,0.0,0.0,0.0,0.0,0.0,0.0,0.0,0.0,0.0,0.0,0.0,0.0,0.0,0.0,0.0,0.0,0.0,0.0,0.0,0.0,0.0,0.0,0.0,0.0,0.0,0.0,0.0,0.0,0.0,0.0,0.0,0.0,0.0,0.0,0.0,0.0,0.0,0.0,0.0,0.0,0.0,0.0,0.0,0.0,0.0,0.0,0.0,0.0,0.0,0.0,0.0,0.0,0.0,0.0,0.0,0.0,0.0,0.0,0.0,0.0,0.0,0.0,0.0,0.0,0.0,0.0,0.0,0.0,0.0,0.0,0.0,0.0,0.0,0.0,0.0,0.0,0.0,0.0,0.0,0.0,0.0,0.0,0.0,0.0,0.6427184466019418
7,0.0,0.0,0.0,0.0,0.0,0.0,0.0,0.0,0.0,0.0,0.0,0.0,0.0,0.0,0.0,0.0,0.0,0.0,0.0,0.0,0.0,0.0,0.0,0.0,0.0,0.0,0.0,0.0,0.0,0.0,0.0,0.0,0.0,0.0,0.0,0.0,0.0,0.0,0.0,0.0,0.0,0.0,0.0,0.0,0.0,0.0,0.0,0.0,0.0,0.0,0.0,0.0,0.0,0.0,0.0,0.0,0.0,0.0,0.0,0.0,0.0,0.0,0.0,0.0,0.0,0.0,0.0,0.0,0.0,0.0,0.0,0.0,0.0,0.0,0.0,0.0,0.0,0.0,0.0,0.0,0.0,0.0,0.0,0.0,0.0,0.0,0.0,0.0,0.0,0.0,0.0,0.0,0.0,0.0,0.0,0.0,0.0,0.0,0.0,0.0,0.0,0.0,0.0,0.0,0.0,0.0,0.0,0.0,0.0,0.0,0.0,0.0,0.0,0.0,0.0,0.0,0.0,0.0,0.0,0.0,0.0,0.0,0.0,0.0,0.0,0.0,0.0,0.0,0.0,0.0,0.0,0.0,0.0,0.0,0.0,0.0,0.0,0.0,0.0,0.0,0.0,0.0,0.0,0.0,0.0,0.0,0.0,0.0,0.0,0.0,0.0,0.0,0.0,0.0,0.0,0.0,0.0,0.0,0.0,0.0,0.0,0.0,0.0,0.0,0.0,0.0,0.0,0.0,0.0,0.0,0.0,0.0,0.0,0.0,0.0,0.0,0.0,0.0,0.0,0.0,0.0,0.0,0.0,0.0,0.0,0.0,0.0,0.0,0.0,0.0,0.0,0.0,0.0,0.0,0.0,0.0,0.0,0.0,0.0,0.0,0.6427184466019418
8,0.0,0.0,0.0,0.0,0.0,0.0,0.0,0.0,0.0,0.0,0.0,0.0,0.0,0.0,0.0,0.0,0.0,0.0,0.0,0.0,0.0,0.0,0.0,0.0,0.0,0.0,0.0,0.0,0.0,0.0,0.0,0.0,0.0,0.0,0.0,0.0,0.0,0.0,0.0,0.0,0.0,0.0,0.0,0.0,0.0,0.0,0.0,0.0,0.0,0.0,0.0,0.0,0.0,0.0,0.0,0.0,0.0,0.0,0.0,0.0,0.0,0.0,0.0,0.0,0.0,0.0,0.0,0.0,0.0,0.0,0.0,0.0,0.0,0.0,0.0,0.0,0.0,0.0,0.0,0.0,0.0,0.0,0.0,0.0,0.0,0.0,0.0,0.0,0.0,0.0,0.0,0.0,0.0,0.0,0.0,0.0,0.0,0.0,0.0,0.0,0.0,0.0,0.0,0.0,0.0,0.0,0.0,0.0,0.0,0.0,0.0,0.0,0.0,0.0,0.0,0.0,0.0,0.0,0.0,0.0,0.0,0.0,0.0,0.0,0.0,0.0,0.0,0.0,0.0,0.0,0.0,0.0,0.0,0.0,0.0,0.0,0.0,0.0,0.0,0.0,0.0,0.0,0.0,0.0,0.0,0.0,0.0,0.0,0.0,0.0,0.0,0.0,0.0,0.0,0.0,0.0,0.0,0.0,0.0,0.0,0.0,0.0,0.0,0.0,0.0,0.0,0.0,0.0,0.0,0.0,0.0,0.0,0.0,0.0,0.0,0.0,0.0,0.0,0.0,0.0,0.0,0.0,0.0,0.0,0.0,0.0,0.0,0.0,0.0,0.0,0.0,0.0,0.0,0.0,0.0,0.0,0.0,0.0,0.0,0.0,0.6427184466019418
9,0.0,0.0,0.0,0.0,0.0,0.0,0.0,0.0,0.0,0.0,0.0,0.0,0.0,0.0,0.0,0.0,0.0,0.0,0.0,0.0,0.0,0.0,0.0,0.0,0.0,0.0,0.0,0.0,0.0,0.0,0.0,0.0,0.0,0.0,0.0,0.0,0.0,0.0,0.0,0.0,0.0,0.0,0.0,0.0,0.0,0.0,0.0,0.0,0.0,0.0,0.0,0.0,0.0,0.0,0.0,0.0,0.0,0.0,0.0,0.0,0.0,0.0,0.0,0.0,0.0,0.0,0.0,0.0,0.0,0.0,0.0,0.0,0.0,0.0,0.0,0.0,0.0,0.0,0.0,0.0,0.0,0.0,0.0,0.0,0.0,0.0,0.0,0.0,0.0,0.0,0.0,0.0,0.0,0.0,0.0,0.0,0.0,0.0,0.0,0.0,0.0,0.0,0.0,0.0,0.0,0.0,0.0,0.0,0.0,0.0,0.0,0.0,0.0,0.0,0.0,0.0,0.0,0.0,0.0,0.0,0.0,0.0,0.0,0.0,0.0,0.0,0.0,0.0,0.0,0.0,0.0,0.0,0.0,0.0,0.0,0.0,0.0,0.0,0.0,0.0,0.0,0.0,0.0,0.0,0.0,0.0,0.0,0.0,0.0,0.0,0.0,0.0,0.0,0.0,0.0,0.0,0.0,0.0,0.0,0.0,0.0,0.0,0.0,0.0,0.0,0.0,0.0,0.0,0.0,0.0,0.0,0.0,0.0,0.0,0.0,0.0,0.0,0.0,0.0,0.0,0.0,0.0,0.0,0.0,0.0,0.0,0.0,0.0,0.0,0.0,0.0,0.0,0.0,0.0,0.0,0.0,0.0,0.0,0.0,0.0,0.6427184466019418
